Datetime,Water Level (m)
2026-04-27 18:00:00,0.0024203619
2026-04-27 19:00:00,-0.007698585
2026-04-27 20:00:00,-0.004237455
2026-04-27 21:00:00,-0.0036341422
2026-04-27 22:00:00,-0.0061339713
2026-04-27 23:00:00,-0.0032835642
2026-04-28 00:00:00,-0.0057299924
2026-04-28 01:00:00,-0.01206699
2026-04-28 02:00:00,-0.013555025
2026-04-28 03:00:00,-0.0132092545
2026-04-28 04:00:00,-0.013799973
2026-04-28 05:00:00,-0.017243208
2026-04-28 06:00:00,-0.014396884
2026-04-28 07:00:00,-0.015153476
2026-04-28 08:00:00,-0.014760778
2026-04-28 09:00:00,-0.016007481
2026-04-28 10:00:00,-0.027660286
2026-04-28 11:00:00,0.2618758
2026-04-28 12:00:00,0.6963178
2026-04-28 13:00:00,0.53050786
2026-04-28 14:00:00,0.46671647
2026-04-28 15:00:00,0.52258164
2026-04-28 16:00:00,0.5118943
2026-04-28 17:00:00,0.51954013
2026-04-28 18:00:00,1.3181788
2026-04-28 19:00:00,1.4186164
2026-04-28 20:00:00,1.2071434
2026-04-28 21:00:00,1.140107
2026-04-28 22:00:00,0.9872692
2026-04-28 23:00:00,0.9483077
2026-04-29 00:00:00,0.89497364
2026-04-29 01:00:00,1.3220961
2026-04-29 02:00:00,1.3759588
2026-04-29 03:00:00,1.1541915
2026-04-29 04:00:00,1.106669
2026-04-29 05:00:00,1.2321569
2026-04-29 06:00:00,1.3262041
2026-04-29 07:00:00,1.3891213
2026-04-29 08:00:00,2.0388207
2026-04-29 09:00:00,1.5907422
2026-04-29 10:00:00,1.4463034
2026-04-29 11:00:00,1.2749758
2026-04-29 12:00:00,1.390755
2026-04-29 13:00:00,1.4245567
2026-04-29 14:00:00,1.0701793
2026-04-29 15:00:00,1.0544082
2026-04-29 16:00:00,0.9953045
2026-04-29 17:00:00,1.0926622
2026-04-29 18:00:00,1.5069673
2026-04-29 19:00:00,1.912825
2026-04-29 20:00:00,1.8031005
2026-04-29 21:00:00,1.7967969
2026-04-29 22:00:00,1.8766239
2026-04-29 23:00:00,1.4466581
2026-04-30 00:00:00,1.222623
2026-04-30 01:00:00,0.9897319
2026-04-30 02:00:00,0.95710784
2026-04-30 03:00:00,1.1919487
2026-04-30 04:00:00,1.2923235
2026-04-30 05:00:00,1.4247142
2026-04-30 06:00:00,1.6008462
2026-04-30 07:00:00,1.7554109
2026-04-30 08:00:00,1.8456007
2026-04-30 09:00:00,1.8175504
2026-04-30 10:00:00,1.9548799
2026-04-30 11:00:00,1.5810328
2026-04-30 12:00:00,1.3791327
2026-04-30 13:00:00,1.1531022
2026-04-30 14:00:00,0.9374015
2026-04-30 15:00:00,1.1735003
2026-04-30 16:00:00,1.2363119
2026-04-30 17:00:00,1.380573
2026-04-30 18:00:00,1.3994751
2026-04-30 19:00:00,1.4595791
2026-04-30 20:00:00,1.4807823
2026-04-30 21:00:00,1.3956788
2026-04-30 22:00:00,1.8302636
2026-04-30 23:00:00,1.5537735
2026-05-01 00:00:00,1.2926575
2026-05-01 01:00:00,1.654022
2026-05-01 02:00:00,1.0953345
2026-05-01 03:00:00,1.0253161
2026-05-01 04:00:00,0.9175113
2026-05-01 05:00:00,0.88600373
2026-05-01 06:00:00,1.3193192
2026-05-01 07:00:00,1.7502853
2026-05-01 08:00:00,1.776403
2026-05-01 09:00:00,1.7994688
2026-05-01 10:00:00,1.7421008
2026-05-01 11:00:00,1.5154824
2026-05-01 12:00:00,1.3138235
2026-05-01 13:00:00,1.0901042
2026-05-01 14:00:00,1.0076553
2026-05-01 15:00:00,1.3420197
2026-05-01 16:00:00,0.9005107
2026-05-01 17:00:00,1.0165149
2026-05-01 18:00:00,1.0376796
2026-05-01 19:00:00,1.1379431
2026-05-01 20:00:00,1.6738136
2026-05-01 21:00:00,1.8667492
2026-05-01 22:00:00,1.6879086
2026-05-01 23:00:00,1.5754331
2026-05-02 00:00:00,1.3313817
2026-05-02 01:00:00,1.1042107
2026-05-02 02:00:00,0.9286156
2026-05-02 03:00:00,0.90620065
2026-05-02 04:00:00,1.4441764
2026-05-02 05:00:00,1.0913538
2026-05-02 06:00:00,1.1031874
2026-05-02 07:00:00,1.24066
2026-05-02 08:00:00,1.3684099
2026-05-02 09:00:00,2.1124158
2026-05-02 10:00:00,1.7868567
2026-05-02 11:00:00,1.7920288
2026-05-02 12:00:00,1.641001
2026-05-02 13:00:00,1.3924989
2026-05-02 14:00:00,1.1909009
2026-05-02 15:00:00,0.93708247
2026-05-02 16:00:00,1.4645897
2026-05-02 17:00:00,1.0077574
2026-05-02 18:00:00,1.1297159
2026-05-02 19:00:00,1.4615817
2026-05-02 20:00:00,1.4543469
2026-05-02 21:00:00,1.5082464
2026-05-02 22:00:00,1.4720528
2026-05-02 23:00:00,1.3508087
2026-05-03 00:00:00,1.9110708
2026-05-03 01:00:00,1.4404513
2026-05-03 02:00:00,1.3187062
2026-05-03 03:00:00,1.4088106
2026-05-03 04:00:00,0.9746136
2026-05-03 05:00:00,0.9729769
2026-05-03 06:00:00,0.96617097
2026-05-03 07:00:00,1.018084
2026-05-03 08:00:00,1.4984496
2026-05-03 09:00:00,1.8757238
2026-05-03 10:00:00,1.7968287
2026-05-03 11:00:00,1.7864223
2026-05-03 12:00:00,2.0141578
2026-05-03 13:00:00,1.5232126
2026-05-03 14:00:00,1.294083
2026-05-03 15:00:00,1.0798646
2026-05-03 16:00:00,1.0240315
2026-05-03 17:00:00,1.0301502
2026-05-03 18:00:00,1.2751645
